instance_id,bin_capacity,bins_array,method,time_taken
0,10,1,BestCase,3.1999998100218363e-06
0,10,2,BestCase,3.1999998100218363e-06
0,10,4,BestCase,3.1999998100218363e-06
1,10,1,BestCase,1.3000003491470125e-06
1,10,2,BestCase,1.3000003491470125e-06
1,10,4,BestCase,1.3000003491470125e-06
2,10,1,BestCase,8.000001798791345e-07
2,10,2,BestCase,8.000001798791345e-07
2,10,4,BestCase,8.000001798791345e-07
